http://172.67.70.195:80,US,
http://108.162.198.73:80,,
http://213.157.6.50:80,DE,R?dermark
http://141.101.121.39:80,,
http://141.101.120.168:80,,
http://141.101.121.226:80,,
http://23.227.38.242:80,CA,
http://190.93.247.8:80,CR,
http://23.227.39.33:80,CA,Ottawa
http://103.250.70.214:16464,BD,
http://140.238.184.182:3128,BR,S?o Paulo
http://139.162.78.109:8080,JP,Tokyo
http://139.59.1.14:8080,IN,Bengaluru
http://138.68.60.8:80,US,Santa Clara
http://113.204.79.230:9091,CN,
http://103.118.46.64:8080,KH,Phnom Penh
http://13.230.34.30:80,JP,Tokyo
http://139.60.209.2:80,US,Hagerstown
http://103.49.114.195:8080,BD,Dhaka
http://115.127.31.66:8080,BD,Dhaka
http://108.141.130.146:80,NL,Amsterdam
http://141.101.120.37:80,,
http://141.101.113.95:80,,
http://141.101.120.72:80,,
http://141.101.122.72:80,,
http://133.18.234.13:80,JP,
http://51.79.99.237:4601,CA,
http://172.64.148.181:80,US,San Francisco
http://108.162.198.18:80,US,
http://141.101.121.38:80,,
http://172.67.111.79:80,,
http://172.67.71.139:80,US,
http://172.67.70.248:80,US,
http://45.166.93.113:999,HN,Gracias
http://61.245.9.174:5050,PH,Manila
http://47.252.29.28:11222,US,
http://154.65.39.8:80,SN,
http://154.16.146.46:80,US,Denver
http://209.97.150.167:8080,US,Clifton
http://159.224.232.194:8888,UA,Dnipro
http://45.131.208.54:80,NL,
http://47.91.104.88:3128,AE,Dubai
http://68.185.57.66:80,US,Yakima
http://172.67.68.93:80,US,
http://212.127.95.235:8081,PL,Wroclaw
http://5.10.244.43:80,NL,
http://198.199.86.11:80,US,North Bergen
http://172.67.72.165:80,,
http://78.47.219.204:3128,DE,Nuremberg
http://23.227.39.44:80,CA,Ottawa
http://185.162.230.59:80,AM,
http://108.162.198.64:80,US,
http://172.67.126.201:80,US,
http://141.193.213.241:80,US,
http://45.131.208.19:80,NL,
http://172.67.67.181:80,US,
http://172.67.181.205:80,US,
http://172.66.43.94:80,,
http://154.16.146.48:80,US,Denver
http://64.110.82.7:8080,KR,Seoul
http://23.227.39.148:80,CA,Ottawa
http://172.64.85.123:80,US,
http://45.131.6.100:80,NL,
http://45.131.5.162:80,NL,
http://141.101.123.177:80,,
http://185.162.230.224:80,AM,
http://89.58.57.45:80,DE,Nuremberg
http://46.254.92.179:80,RU,
http://45.131.6.212:80,NL,
http://146.56.162.25:80,KR,Seoul
http://172.64.158.50:80,US,
http://164.38.155.5:80,GB,
http://23.227.38.111:80,CA,
http://159.112.235.183:80,US,
http://45.12.30.109:80,RO,
http://172.67.170.223:80,US,
http://172.67.70.177:80,US,
http://79.127.56.147:8080,IR,
http://185.172.214.112:80,IR,
http://185.112.151.207:8022,IR,
http://5.161.133.32:80,US,Ashburn
http://43.135.36.240:80,HK,Hong Kong
http://189.202.188.149:80,MX,Kanas?n
http://172.67.123.70:80,US,
http://141.101.123.161:80,,
http://172.67.71.68:80,US,
http://172.67.70.209:80,US,
http://89.116.250.241:80,LT,
http://172.67.176.226:80,US,
http://185.238.228.177:80,ES,
http://194.152.44.153:80,NL,
http://23.227.38.84:80,CA,
http://172.67.70.219:80,US,
http://172.67.67.120:80,US,
http://172.64.40.184:80,US,
http://141.101.123.9:80,,
http://141.101.90.99:80,US,
http://172.64.78.163:80,,
http://172.67.74.247:80,,
http://23.227.39.204:80,CA,Ottawa
http://195.85.23.21:80,CZ,
http://172.67.74.107:80,US,
http://45.12.30.64:80,RO,
http://172.67.70.26:80,US,
http://172.67.119.249:80,US,
http://185.162.231.65:80,AM,
http://102.214.104.56:8080,LY,
http://3.110.191.52:8888,IN,Mumbai
http://102.207.128.3:8080,AO,
http://190.5.96.154:999,HN,Tegucigalpa
http://154.16.146.43:80,US,Denver
http://188.114.96.13:80,NL,Amsterdam
http://172.64.149.75:80,US,
http://154.16.146.41:80,US,Denver
http://89.116.250.11:80,LT,
http://172.67.172.178:80,US,
http://45.131.7.176:80,NL,
http://172.64.90.148:80,,
http://36.138.53.26:10019,CN,
http://213.33.126.130:80,AT,Vienna
http://172.67.70.95:80,US,
http://45.131.4.197:80,NL,
http://172.67.70.190:80,US,
http://173.245.49.176:80,FR,Paris
http://172.67.70.100:80,US,
http://141.101.123.146:80,,
http://45.131.208.43:80,NL,
http://89.116.250.28:80,LT,
http://172.67.180.17:80,US,
http://141.101.90.97:80,US,
http://172.67.70.216:80,US,
http://95.47.239.221:3128,UZ,Tashkent
http://213.230.121.73:3128,UZ,Tashkent
http://158.255.77.169:80,AE,
http://45.85.119.123:80,RO,
http://172.67.238.77:80,US,
http://206.238.239.61:80,SG,Singapore
http://45.12.30.29:80,RO,
http://194.158.203.14:80,BY,Minsk
http://185.10.129.14:3128,RU,Yaroslavl
http://170.244.25.52:8888,BR,Caseiros
http://170.244.27.61:8888,BR,Caseiros
http://170.244.27.150:8888,BR,Caseiros
http://170.244.27.58:8888,BR,Caseiros
http://170.244.26.36:8888,BR,Caseiros
http://170.244.26.195:8888,BR,Caseiros
http://170.244.27.142:8888,BR,Caseiros
http://170.244.26.206:8888,BR,Caseiros
http://172.67.70.176:80,US,
http://185.238.228.112:80,ES,
http://220.197.44.36:3128,CN,Guiyang
http://218.77.183.214:5224,CN,
http://36.138.53.26:10017,CN,
http://172.65.90.3:80,,
http://45.131.4.56:80,NL,
http://45.131.4.29:80,NL,
http://45.131.211.1:80,NL,
http://185.238.228.162:80,ES,
http://172.67.70.17:80,US,
http://172.64.78.193:80,,
http://141.101.90.96:80,,
http://172.67.70.68:80,US,
http://45.131.4.36:80,NL,
http://185.162.231.1:80,AM,
http://185.162.230.111:80,AM,
http://172.67.185.101:80,US,
http://206.238.239.223:80,SG,Singapore
http://190.93.244.9:80,US,San Jose
http://185.162.231.205:80,AM,
http://31.43.179.66:80,KZ,
http://188.114.97.139:80,NL,Amsterdam
http://172.67.164.202:80,US,
http://185.238.228.1:80,ES,
http://172.67.89.79:80,US,
http://8.219.77.141:80,SG,
http://47.57.13.107:80,HK,Hong Kong
http://102.132.36.145:8080,ZA,Cape Town
http://152.70.155.147:80,US,Phoenix
http://194.219.134.234:80,GR,Athens
http://8.47.69.6:80,AT,Vienna
http://45.131.7.87:80,NL,
http://172.67.180.6:80,US,
http://172.64.80.82:80,,
http://172.67.85.150:80,US,
http://172.67.70.15:80,US,
http://172.67.66.173:80,US,
http://185.162.230.143:80,AM,
http://172.67.254.250:80,US,
http://172.67.164.135:80,US,
http://23.227.38.224:80,CA,
http://164.38.155.63:80,GB,
http://45.85.119.122:80,RO,
http://195.85.23.80:80,CZ,
http://159.112.235.77:80,US,
http://185.146.173.20:80,SE,
http://172.67.73.111:80,US,
http://172.67.165.174:80,US,
http://185.162.231.95:80,AM,
http://172.67.73.163:80,US,
http://172.64.149.35:80,US,
http://141.101.123.61:80,,
http://172.67.70.178:80,US,
http://172.67.70.114:80,US,
http://206.238.239.192:80,SG,Singapore
http://172.67.142.11:80,,
http://185.238.228.137:80,ES,
http://84.241.6.102:8080,IR,
http://172.67.206.118:80,US,
http://185.162.228.232:80,AM,
http://185.238.228.99:80,ES,
http://172.67.178.252:80,,
http://45.12.31.63:80,RO,
http://141.101.123.28:80,,
http://185.162.231.246:80,AM,
http://38.54.71.67:80,NP,Kathmandu
http://8.6.112.6:80,SK,Bratislava
http://45.12.31.97:80,RO,
http://57.129.81.201:3128,DE,Frankfurt am Main
http://172.67.193.30:80,US,
http://185.162.231.140:80,AM,
http://45.131.4.84:80,NL,
http://185.162.229.36:80,AM,
http://172.67.167.158:80,US,
http://222.252.194.29:8080,VN,Hanoi
http://159.65.230.46:8888,US,North Bergen
http://172.65.90.1:80,,
http://141.101.123.202:80,,
http://172.67.75.183:80,US,
http://172.67.70.158:80,US,
http://141.101.90.98:80,NL,Amsterdam
http://102.177.176.20:80,ZA,
http://184.168.47.67:80,US,
http://102.177.176.24:80,ZA,
http://172.67.70.164:80,US,
http://172.67.70.11:80,US,
http://23.227.39.169:80,CA,Ottawa
http://141.101.123.97:80,,
http://172.64.154.142:80,,
http://23.227.38.7:80,CA,
http://141.101.123.184:80,,
http://154.194.12.227:80,SG,Singapore
http://172.64.42.3:80,US,
http://58.216.109.17:800,CN,
http://45.12.30.167:80,RO,
http://173.245.49.24:80,FR,Paris
http://172.64.78.69:80,,
http://58.216.109.14:800,CN,
http://201.148.32.162:80,,
http://36.147.78.166:80,CN,
http://172.65.90.2:80,,
http://172.64.78.34:80,,
http://65.1.148.157:80,IN,Mumbai
http://40.177.65.8:80,CA,Calgary
http://141.101.123.50:80,,
http://18.194.195.73:80,DE,Frankfurt am Main
http://172.67.153.119:80,,
http://172.64.78.198:80,,
http://172.64.78.71:80,,
http://34.194.41.221:80,US,Ashburn
http://172.64.40.169:80,,
http://172.64.78.50:80,,
http://18.216.55.100:80,US,Columbus
http://141.101.123.244:80,,
http://172.67.96.24:80,US,
http://172.64.144.237:80,US,
http://23.227.39.113:80,CA,
http://172.67.139.111:80,US,
http://159.112.235.15:80,US,
http://141.101.123.223:80,,
http://172.64.149.19:80,US,
http://188.114.96.17:80,NL,Amsterdam
http://172.67.173.43:80,US,
http://172.67.155.255:80,US,
http://172.67.159.131:80,US,
http://185.162.228.7:80,AM,
http://45.131.6.112:80,NL,
http://45.131.208.52:80,NL,
http://172.67.177.23:80,US,
http://172.66.41.232:80,US,
http://154.194.12.243:80,SG,Singapore
http://159.112.235.218:80,US,
http://159.112.235.190:80,US,
http://45.131.5.88:80,NL,
http://172.67.164.79:80,US,
http://172.67.64.68:80,US,
http://188.114.96.240:80,,
http://172.67.159.197:80,US,
http://172.67.204.246:80,US,
http://23.227.39.19:80,CA,
http://141.101.123.163:80,,
http://159.112.235.16:80,US,
http://172.67.171.220:80,US,
http://172.67.182.15:80,US,
http://45.131.6.77:80,NL,
http://172.67.131.231:80,US,
http://31.43.179.111:80,KZ,
http://172.67.115.162:80,US,
http://172.66.42.3:80,US,
http://188.114.97.25:80,NL,Amsterdam
http://172.67.254.134:80,US,
http://66.235.200.229:80,US,
http://188.114.97.1:80,,
http://142.93.202.130:3128,US,North Bergen
http://45.131.5.255:80,NL,
http://23.227.39.216:80,CA,Ottawa
http://154.201.75.170:8888,US,Los Angeles
http://45.12.31.107:80,RO,
http://184.168.47.64:80,US,
http://188.114.99.93:80,,
http://172.67.109.84:80,US,
http://172.67.200.162:80,US,
http://172.67.111.100:80,US,
http://194.152.44.134:80,NL,
http://45.131.5.180:80,NL,
http://154.197.75.108:80,SC,
http://5.182.34.228:80,IT,Milan
http://172.67.85.51:80,,
http://159.112.235.163:80,US,
http://159.112.235.174:80,US,
http://185.238.228.227:80,ES,
http://66.235.200.223:80,US,
http://188.114.96.90:80,NL,Amsterdam
http://172.67.168.229:80,,
http://172.65.90.0:80,,
http://172.67.122.11:80,US,
http://185.162.228.158:80,AM,
http://185.170.166.40:80,GB,
http://172.67.181.18:80,US,
http://45.12.31.80:80,RO,
http://209.141.57.216:80,US,Las Vegas
http://43.154.134.238:50001,HK,Hong Kong
http://197.221.234.253:80,ZW,Harare
http://42.96.16.176:1312,VN,
http://192.73.244.36:80,US,
http://188.114.96.50:80,NL,Amsterdam
http://141.101.123.89:80,,
http://185.238.228.132:80,ES,
http://198.199.86.11:8080,US,North Bergen
http://57.129.81.201:999,DE,Frankfurt am Main
http://161.35.70.249:8080,DE,Frankfurt am Main
http://190.58.248.86:80,TT,San Juan
http://35.197.89.213:80,US,The Dalles
http://4.195.16.140:80,AU,Sydney
http://32.223.6.94:80,US,Danbury
http://50.122.86.118:80,US,Danville
http://23.247.136.254:80,SG,Singapore
http://213.143.113.82:80,AT,Vienna
http://62.99.138.162:80,AT,Vienna
http://202.5.62.55:8080,BD,
http://190.242.157.215:8080,CO,Santiago de Cali
http://183.250.170.85:9091,CN,
http://57.129.81.201:8080,DE,Frankfurt am Main
http://89.116.250.196:80,LT,
http://158.69.185.37:3129,CA,Montreal
http://51.159.159.73:80,FR,Paris
http://8.209.255.13:3128,JP,Tokyo
http://47.91.65.23:3128,DE,Frankfurt am Main
http://23.237.210.82:80,US,
http://23.227.39.96:80,CA,Ottawa
http://45.131.208.108:80,NL,
http://172.67.167.131:80,US,
http://23.227.38.35:80,CA,
http://194.152.44.143:80,NL,
http://216.205.52.160:80,US,
http://69.84.182.51:80,US,
http://45.67.215.185:80,RU,
http://43.224.119.162:2626,BD,
http://172.67.189.12:80,US,
http://172.67.181.156:80,US,
http://66.235.200.174:80,US,
http://172.64.89.52:80,US,
http://141.193.213.183:80,US,
http://185.170.166.25:80,GB,
http://172.64.84.220:80,US,
http://172.67.70.84:80,US,
http://63.141.128.144:80,US,